{
    "C": 232.3577104444737,
    "max_features": 4907,
    "val_macro_f1": 0.7785524615952081,
    "test_macro_f1": 0.7872987722472733
}