{
    "0": 1.8404907975460123,
    "1": 2.380952380952381,
    "2": 0.40899795501022496,
    "3": 5.660377358490566,
    "4": 1.7045454545454546,
    "5": 3.3707865168539324,
    "6": 1.5584415584415585,
    "7": 0.45214770158251694,
    "8": 19.35483870967742,
    "9": 1.092896174863388,
    "10": 0.967741935483871,
    "11": 0.9146341463414634,
    "12": 1.5113350125944585,
    "13": 1.0204081632653061,
    "14": 26.08695652173913,
    "15": 1.5424164524421593,
    "16": 1.3824884792626728,
    "17": 1.7191977077363896,
    "18": 1.1090573012939002,
    "19": 0.625,
    "20": 0.5928853754940712,
    "21": 3.4285714285714284,
    "22": 1.3513513513513513,
    "23": 1.477832512315271,
    "24": 1.279317697228145,
    "25": 3.5714285714285716,
    "26": 0.24721878862793573,
    "27": 2.158273381294964,
    "28": 1.694915254237288,
    "29": 1.0600706713780919,
    "30": 2.2813688212927756,
    "31": 1.0169491525423728,
    "32": 1.694915254237288,
    "33": 1.2987012987012987,
    "34": 2.6200873362445414,
    "35": 1.948051948051948,
    "36": 2.459016393442623,
    "37": 2.985074626865672,
    "38": 0.2564102564102564,
    "39": 1.8518518518518519,
    "40": 2.3255813953488373,
    "41": 0.49019607843137253,
    "42": 1.0380622837370241,
    "43": 0.8862629246676514,
    "44": 2.0,
    "45": 0.5946481665014867,
    "46": 0.6147540983606558,
    "47": 0.1894537417113988,
    "48": 1.0221465076660987,
    "49": 0.6410256410256411,
    "50": 2.2140221402214024,
    "51": 0.5434782608695652,
    "52": 1.9736842105263157,
    "53": 1.2684989429175475,
    "54": 1.639344262295082,
    "55": 1.5544041450777202,
    "56": 2.9702970297029703,
    "57": 1.9169329073482428,
    "58": 0.5802707930367504,
    "59": 1.2526096033402923,
    "60": 2.3529411764705883,
    "61": 0.8097165991902834,
    "62": 1.834862385321101,
    "63": 1.348314606741573,
    "64": 1.6528925619834711,
    "65": 0.24067388688327315,
    "66": 1.466992665036675,
    "67": 1.3071895424836601,
    "68": 0.7009345794392523,
    "69": 3.1578947368421053,
    "70": 4.8,
    "71": 1.7391304347826086,
    "72": 12.76595744680851,
    "73": 1.8575851393188854,
    "74": 0.966183574879227,
    "75": 0.9036144578313253,
    "76": 1.054481546572935,
    "77": 1.834862385321101,
    "78": 5.084745762711864,
    "79": 0.33185840707964603,
    "80": 1.431980906921241,
    "81": 1.8404907975460123,
    "82": 2.5210084033613445,
    "83": 1.0657193605683837,
    "84": 1.3513513513513513,
    "85": 0.4084411164057182,
    "86": 1.5789473684210527,
    "87": 0.5509641873278237,
    "88": 0.539568345323741,
    "89": 0.5145797598627787,
    "90": 1.8927444794952681,
    "91": 1.6997167138810199,
    "92": 0.6928406466512702,
    "93": 1.7595307917888563,
    "94": 4.580152671755725,
    "95": 1.3303769401330376,
    "96": 0.78125,
    "97": 0.683371298405467,
    "98": 1.2024048096192386,
    "99": 1.1605415860735009
}